Workbook

Sheet Resumen
B1: BARRIO SOLIDARIO
B2: Resumen de cumplimiento de calidad del MVP
A5: Indicador | B5: Resultado | D5: Categoría | E5: Total | F5: Evaluados | G5: Cumple | H5: Parcial | I5: No cumple | J5: Cumplimiento
A6: Total de criterios | B6: ='Matriz de calidad'!A8 -> 64 | D6: Funcionalidad | E6: =COUNTIF('Matriz de calidad'!A13:A76,D6) -> 12 | F6: =COUNTIFS('Matriz de calidad'!A13:A76,D6,'Matriz de calidad'!I13:I76,"Cumple")+COUNTIFS('Matriz de calidad'!A13:A76,D6,'Matriz de calidad'!I13:I76,"Cumple parcialmente")+COUNTIFS('Matriz de calidad'!A13:A76,D6,'Matriz de calidad'!I13:I76,"No cumple")+COUNTIFS('Matriz de calidad'!A13:A76,D6,'Matriz de calidad'!I13:I76,"No aplica") -> 2 | G6: =COUNTIFS('Matriz de calidad'!A13:A76,D6,'Matriz de calidad'!I13:I76,"Cumple") -> 2 | H6: =COUNTIFS('Matriz de calidad'!A13:A76,D6,'Matriz de calidad'!I13:I76,"Cumple parcialmente") -> 0 | I6: =COUNTIFS('Matriz de calidad'!A13:A76,D6,'Matriz de calidad'!I13:I76,"No cumple") -> 0 | J6: =IFERROR(SUMIF('Matriz de calidad'!A13:A76,D6,'Matriz de calidad'!J13:J76)/(COUNTIFS('Matriz de calidad'!A13:A76,D6,'Matriz de calidad'!J13:J76,">=0")*2),0) -> 1
A7: Criterios evaluados | B7: ='Matriz de calidad'!D8 -> 2 | D7: Seguridad | E7: =COUNTIF('Matriz de calidad'!A13:A76,D7) -> 9 | F7: =COUNTIFS('Matriz de calidad'!A13:A76,D7,'Matriz de calidad'!I13:I76,"Cumple")+COUNTIFS('Matriz de calidad'!A13:A76,D7,'Matriz de calidad'!I13:I76,"Cumple parcialmente")+COUNTIFS('Matriz de calidad'!A13:A76,D7,'Matriz de calidad'!I13:I76,"No cumple")+COUNTIFS('Matriz de calidad'!A13:A76,D7,'Matriz de calidad'!I13:I76,"No aplica") -> 0 | G7: =COUNTIFS('Matriz de calidad'!A13:A76,D7,'Matriz de calidad'!I13:I76,"Cumple") -> 0 | H7: =COUNTIFS('Matriz de calidad'!A13:A76,D7,'Matriz de calidad'!I13:I76,"Cumple parcialmente") -> 0 | I7: =COUNTIFS('Matriz de calidad'!A13:A76,D7,'Matriz de calidad'!I13:I76,"No cumple") -> 0 | J7: =IFERROR(SUMIF('Matriz de calidad'!A13:A76,D7,'Matriz de calidad'!J13:J76)/(COUNTIFS('Matriz de calidad'!A13:A76,D7,'Matriz de calidad'!J13:J76,">=0")*2),0) -> 0
A8: Avance de evaluación | B8: ='Matriz de calidad'!G8 -> 0.03125 | D8: Accesibilidad | E8: =COUNTIF('Matriz de calidad'!A13:A76,D8) -> 11 | F8: =COUNTIFS('Matriz de calidad'!A13:A76,D8,'Matriz de calidad'!I13:I76,"Cumple")+COUNTIFS('Matriz de calidad'!A13:A76,D8,'Matriz de calidad'!I13:I76,"Cumple parcialmente")+COUNTIFS('Matriz de calidad'!A13:A76,D8,'Matriz de calidad'!I13:I76,"No cumple")+COUNTIFS('Matriz de calidad'!A13:A76,D8,'Matriz de calidad'!I13:I76,"No aplica") -> 0 | G8: =COUNTIFS('Matriz de calidad'!A13:A76,D8,'Matriz de calidad'!I13:I76,"Cumple") -> 0 | H8: =COUNTIFS('Matriz de calidad'!A13:A76,D8,'Matriz de calidad'!I13:I76,"Cumple parcialmente") -> 0 | I8: =COUNTIFS('Matriz de calidad'!A13:A76,D8,'Matriz de calidad'!I13:I76,"No cumple") -> 0 | J8: =IFERROR(SUMIF('Matriz de calidad'!A13:A76,D8,'Matriz de calidad'!J13:J76)/(COUNTIFS('Matriz de calidad'!A13:A76,D8,'Matriz de calidad'!J13:J76,">=0")*2),0) -> 0
A9: Cumplimiento ponderado | B9: ='Matriz de calidad'!J8 -> 1 | D9: Identidad visual | E9: =COUNTIF('Matriz de calidad'!A13:A76,D9) -> 10 | F9: =COUNTIFS('Matriz de calidad'!A13:A76,D9,'Matriz de calidad'!I13:I76,"Cumple")+COUNTIFS('Matriz de calidad'!A13:A76,D9,'Matriz de calidad'!I13:I76,"Cumple parcialmente")+COUNTIFS('Matriz de calidad'!A13:A76,D9,'Matriz de calidad'!I13:I76,"No cumple")+COUNTIFS('Matriz de calidad'!A13:A76,D9,'Matriz de calidad'!I13:I76,"No aplica") -> 0 | G9: =COUNTIFS('Matriz de calidad'!A13:A76,D9,'Matriz de calidad'!I13:I76,"Cumple") -> 0 | H9: =COUNTIFS('Matriz de calidad'!A13:A76,D9,'Matriz de calidad'!I13:I76,"Cumple parcialmente") -> 0 | I9: =COUNTIFS('Matriz de calidad'!A13:A76,D9,'Matriz de calidad'!I13:I76,"No cumple") -> 0 | J9: =IFERROR(SUMIF('Matriz de calidad'!A13:A76,D9,'Matriz de calidad'!J13:J76)/(COUNTIFS('Matriz de calidad'!A13:A76,D9,'Matriz de calidad'!J13:J76,">=0")*2),0) -> 0
A10: Porcentaje de aceptación | B10: ='Matriz de calidad'!M8 -> 1 | D10: Rendimiento | E10: =COUNTIF('Matriz de calidad'!A13:A76,D10) -> 2 | F10: =COUNTIFS('Matriz de calidad'!A13:A76,D10,'Matriz de calidad'!I13:I76,"Cumple")+COUNTIFS('Matriz de calidad'!A13:A76,D10,'Matriz de calidad'!I13:I76,"Cumple parcialmente")+COUNTIFS('Matriz de calidad'!A13:A76,D10,'Matriz de calidad'!I13:I76,"No cumple")+COUNTIFS('Matriz de calidad'!A13:A76,D10,'Matriz de calidad'!I13:I76,"No aplica") -> 0 | G10: =COUNTIFS('Matriz de calidad'!A13:A76,D10,'Matriz de calidad'!I13:I76,"Cumple") -> 0 | H10: =COUNTIFS('Matriz de calidad'!A13:A76,D10,'Matriz de calidad'!I13:I76,"Cumple parcialmente") -> 0 | I10: =COUNTIFS('Matriz de calidad'!A13:A76,D10,'Matriz de calidad'!I13:I76,"No cumple") -> 0 | J10: =IFERROR(SUMIF('Matriz de calidad'!A13:A76,D10,'Matriz de calidad'!J13:J76)/(COUNTIFS('Matriz de calidad'!A13:A76,D10,'Matriz de calidad'!J13:J76,">=0")*2),0) -> 0
A11: Incumplimientos Highest | B11: =COUNTIFS('Matriz de calidad'!G13:G76,"Highest",'Matriz de calidad'!I13:I76,"No cumple") -> 0 | D11: Confiabilidad | E11: =COUNTIF('Matriz de calidad'!A13:A76,D11) -> 2 | F11: =COUNTIFS('Matriz de calidad'!A13:A76,D11,'Matriz de calidad'!I13:I76,"Cumple")+COUNTIFS('Matriz de calidad'!A13:A76,D11,'Matriz de calidad'!I13:I76,"Cumple parcialmente")+COUNTIFS('Matriz de calidad'!A13:A76,D11,'Matriz de calidad'!I13:I76,"No cumple")+COUNTIFS('Matriz de calidad'!A13:A76,D11,'Matriz de calidad'!I13:I76,"No aplica") -> 0 | G11: =COUNTIFS('Matriz de calidad'!A13:A76,D11,'Matriz de calidad'!I13:I76,"Cumple") -> 0 | H11: =COUNTIFS('Matriz de calidad'!A13:A76,D11,'Matriz de calidad'!I13:I76,"Cumple parcialmente") -> 0 | I11: =COUNTIFS('Matriz de calidad'!A13:A76,D11,'Matriz de calidad'!I13:I76,"No cumple") -> 0 | J11: =IFERROR(SUMIF('Matriz de calidad'!A13:A76,D11,'Matriz de calidad'!J13:J76)/(COUNTIFS('Matriz de calidad'!A13:A76,D11,'Matriz de calidad'!J13:J76,">=0")*2),0) -> 0
A12: Estado general | B12: ='Matriz de calidad'!P8 -> PENDIENTE DE EVALUACIÓN | D12: Compatibilidad | E12: =COUNTIF('Matriz de calidad'!A13:A76,D12) -> 2 | F12: =COUNTIFS('Matriz de calidad'!A13:A76,D12,'Matriz de calidad'!I13:I76,"Cumple")+COUNTIFS('Matriz de calidad'!A13:A76,D12,'Matriz de calidad'!I13:I76,"Cumple parcialmente")+COUNTIFS('Matriz de calidad'!A13:A76,D12,'Matriz de calidad'!I13:I76,"No cumple")+COUNTIFS('Matriz de calidad'!A13:A76,D12,'Matriz de calidad'!I13:I76,"No aplica") -> 0 | G12: =COUNTIFS('Matriz de calidad'!A13:A76,D12,'Matriz de calidad'!I13:I76,"Cumple") -> 0 | H12: =COUNTIFS('Matriz de calidad'!A13:A76,D12,'Matriz de calidad'!I13:I76,"Cumple parcialmente") -> 0 | I12: =COUNTIFS('Matriz de calidad'!A13:A76,D12,'Matriz de calidad'!I13:I76,"No cumple") -> 0 | J12: =IFERROR(SUMIF('Matriz de calidad'!A13:A76,D12,'Matriz de calidad'!J13:J76)/(COUNTIFS('Matriz de calidad'!A13:A76,D12,'Matriz de calidad'!J13:J76,">=0")*2),0) -> 0
D13: Mantenibilidad | E13: =COUNTIF('Matriz de calidad'!A13:A76,D13) -> 7 | F13: =COUNTIFS('Matriz de calidad'!A13:A76,D13,'Matriz de calidad'!I13:I76,"Cumple")+COUNTIFS('Matriz de calidad'!A13:A76,D13,'Matriz de calidad'!I13:I76,"Cumple parcialmente")+COUNTIFS('Matriz de calidad'!A13:A76,D13,'Matriz de calidad'!I13:I76,"No cumple")+COUNTIFS('Matriz de calidad'!A13:A76,D13,'Matriz de calidad'!I13:I76,"No aplica") -> 0 | G13: =COUNTIFS('Matriz de calidad'!A13:A76,D13,'Matriz de calidad'!I13:I76,"Cumple") -> 0 | H13: =COUNTIFS('Matriz de calidad'!A13:A76,D13,'Matriz de calidad'!I13:I76,"Cumple parcialmente") -> 0 | I13: =COUNTIFS('Matriz de calidad'!A13:A76,D13,'Matriz de calidad'!I13:I76,"No cumple") -> 0 | J13: =IFERROR(SUMIF('Matriz de calidad'!A13:A76,D13,'Matriz de calidad'!J13:J76)/(COUNTIFS('Matriz de calidad'!A13:A76,D13,'Matriz de calidad'!J13:J76,">=0")*2),0) -> 0
D14: Gestión | E14: =COUNTIF('Matriz de calidad'!A13:A76,D14) -> 9 | F14: =COUNTIFS('Matriz de calidad'!A13:A76,D14,'Matriz de calidad'!I13:I76,"Cumple")+COUNTIFS('Matriz de calidad'!A13:A76,D14,'Matriz de calidad'!I13:I76,"Cumple parcialmente")+COUNTIFS('Matriz de calidad'!A13:A76,D14,'Matriz de calidad'!I13:I76,"No cumple")+COUNTIFS('Matriz de calidad'!A13:A76,D14,'Matriz de calidad'!I13:I76,"No aplica") -> 0 | G14: =COUNTIFS('Matriz de calidad'!A13:A76,D14,'Matriz de calidad'!I13:I76,"Cumple") -> 0 | H14: =COUNTIFS('Matriz de calidad'!A13:A76,D14,'Matriz de calidad'!I13:I76,"Cumple parcialmente") -> 0 | I14: =COUNTIFS('Matriz de calidad'!A13:A76,D14,'Matriz de calidad'!I13:I76,"No cumple") -> 0 | J14: =IFERROR(SUMIF('Matriz de calidad'!A13:A76,D14,'Matriz de calidad'!J13:J76)/(COUNTIFS('Matriz de calidad'!A13:A76,D14,'Matriz de calidad'!J13:J76,">=0")*2),0) -> 0
A16: Versión | B16: Fecha | C16: Cambio | D16: Responsable | E16: Estado
A17: 0.1.0 | B17: 46271 | C17: Estructura y alcance inicial. | D17: Luis Rodríguez Barrera | E17: Completado
A18: 0.2.0 | B18: 46272 | C18: Criterios funcionales del MVP. | D18: Víctor Tello Bravo | E18: Completado
A19: 0.3.0 | B19: 46273 | C19: Controles técnicos y de seguridad. | D19: Kevin Carriel Bonoso / Luis Ramírez Conejo | E19: Completado
A20: 0.4.0 | B20: 46274 | C20: Accesibilidad e identidad visual. | D20: Mario Luzardo Fierro / Luis Rodríguez Barrera | E20: Completado
A21: 0.5.0 | B21: 46275 | C21: Controles de gestión y trazabilidad. | D21: Alex Mendoza Morante / Víctor Tello Bravo | E21: Completado
A22: 0.6.0 | B22: 46276 | C22: Escala y seguimiento de correcciones. | D22: Luis Rodríguez Barrera | E22: Completado
A23: 0.7.0 | B23: 46277 | C23: Indicadores de cumplimiento. | D23: Luis Rodríguez Barrera / Alex Mendoza Morante | E23: Completado
A24: 0.8.0 | B24: 46278 | C24: Revisión integral. | D24: Equipo del proyecto | E24: Completado
A25: 1.0.0 | B25: 46279 | C25: Consolidación de la versión vigente. | D25: Alex Mendoza Morante / Luis Rodríguez Barrera | E25: Vigente
A26: 1.1.0 | B26: 19/09/2026 | C26: Incorporación de métricas con las columnas recomendadas por la docente. | D26: Alex Mendoza Morante / Luis Rodríguez Barrera | E26: Vigente
A27: Identificación del documento | B27: Información
A28: Código | B28: DOC-08
A29: Documento | B29: Matriz de Gestión de Calidad del MVP
A30: Proyecto | B30: Barrio Solidario
A31: Versión vigente | B31: 1.1.0
A32: Estado | B32: En elaboración
A33: Fecha de creación | B33: 46271
A34: Fecha de actualización | B34: 46284
A35: Sprint relacionado | B35: Sprint 3
A36: Periodo del Sprint | B36: 06/09/2026 al 18/09/2026
A37: Propietario | B37: Luis Rodríguez Barrera
A38: Consolidación | B38: Alex Mendoza Morante
A39: Revisión funcional | B39: Víctor Tello Bravo
A40: Revisión técnica | B40: Kevin Carriel Bonoso

Sheet Matriz de calidad
C1: BARRIO SOLIDARIO
C2: Matriz de Gestión de Calidad del MVP
A3: Código: DOC-08 | E3: Versión: 1.1.0 | I3: Estado: En elaboración | L3: Actualización: 19/09/2026
A4: Propietario: Luis Rodríguez Barrera | E4: Revisión funcional: Víctor Tello Bravo | I4: Revisión técnica: Kevin Carriel Bonoso | M4: Consolidación: Alex Mendoza Morante
A6: CUMPLIMIENTO DE CALIDAD
A7: Total de criterios | D7: Criterios evaluados | G7: Avance de evaluación | J7: Cumplimiento | M7: Aceptación | P7: Estado general
A8: =COUNTA(A13:A76) -> 64 | D8: =COUNTIF(I13:I76,"Cumple")+COUNTIF(I13:I76,"Cumple parcialmente")+COUNTIF(I13:I76,"No cumple")+COUNTIF(I13:I76,"No aplica") -> 2 | G8: =IFERROR(D8/A8,0) -> 0.03125 | J8: =IFERROR(SUM(J13:J76)/(COUNT(J13:J76)*2),0) -> 1 | M8: =IFERROR(COUNTIF(I13:I76,"Cumple")/COUNT(J13:J76),0) -> 1 | P8: =IF(G8<1,"PENDIENTE DE EVALUACIÓN",IF(COUNTIFS(G13:G76,"Highest",I13:I76,"No cumple")>0,"NO APROBADO",IF(J8>=0.9,"APROBADO","REQUIERE MEJORAS"))) -> PENDIENTE DE EVALUACIÓN
A10: Criterios aplicables: Cumple = 2; Cumple parcialmente = 1; No cumple = 0; No aplica se excluye del cálculo.
A12: Categoría | B12: Elemento evaluado | C12: Criterio de calidad | D12: Indicador o criterio de aceptación | E12: Método y evidencia esperada | F12: Responsable de revisión | G12: Prioridad | H12: Estado de evaluación | I12: Resultado | J12: Valor obtenido | K12: Fecha de revisión | L12: Evidencia real | M12: Observación | N12: Acción correctiva | O12: Responsable de corrección | P12: Fecha compromiso | Q12: Estado de corrección
A13: Funcionalidad | B13: Portal público | C13: Presenta información general del proyecto. | D13: Se visualizan propósito, funcionamiento, usuarios, beneficios y contacto. | E13: Inspección funcional y capturas. | F13: Víctor Tello Bravo | G13: High | H13: Evaluado | I13: Cumple | J13: =IF(I13="Cumple",2,IF(I13="Cumple parcialmente",1,IF(I13="No cumple",0,""))) -> 2
A14: Funcionalidad | B14: Navegación pública | C14: Los enlaces dirigen a la sección correspondiente. | D14: El 100 % de enlaces principales funciona. | E14: Prueba de navegación y capturas. | F14: Mario Luzardo Fierro | G14: High | H14: Evaluado | J14: =IF(I14="Cumple",2,IF(I14="Cumple parcialmente",1,IF(I14="No cumple",0,"")))
A15: Funcionalidad | B15: Registro de usuarios | C15: El visitante puede registrar una cuenta. | D15: La cuenta se almacena cuando los datos son válidos. | E15: Prueba funcional y registro en base de datos. | F15: Luis Rodríguez Barrera | G15: Highest | H15: Evaluado | I15: Cumple | J15: =IF(I15="Cumple",2,IF(I15="Cumple parcialmente",1,IF(I15="No cumple",0,""))) -> 2
A16: Funcionalidad | B16: Validación de registro | C16: El sistema rechaza datos incompletos o incorrectos. | D16: Los campos obligatorios y formatos inválidos generan mensajes. | E16: Pruebas positivas y negativas. | F16: Luis Rodríguez Barrera | G16: Highest | H16: Pendiente | J16: =IF(I16="Cumple",2,IF(I16="Cumple parcialmente",1,IF(I16="No cumple",0,"")))
A17: Funcionalidad | B17: Correo único | C17: No se permite duplicar una cuenta. | D17: El sistema rechaza un correo previamente registrado. | E17: Prueba de duplicidad y consulta de datos. | F17: Luis Ramírez Conejo | G17: High | H17: Pendiente | J17: =IF(I17="Cumple",2,IF(I17="Cumple parcialmente",1,IF(I17="No cumple",0,"")))
A18: Funcionalidad | B18: Inicio de sesión | C18: El usuario accede con credenciales válidas. | D18: Se crea una sesión y se permite acceder al panel. | E18: Caso de prueba y captura del acceso. | F18: Luis Rodríguez Barrera | G18: Highest | H18: Pendiente | J18: =IF(I18="Cumple",2,IF(I18="Cumple parcialmente",1,IF(I18="No cumple",0,"")))
A19: Funcionalidad | B19: Credenciales incorrectas | C19: El sistema rechaza accesos inválidos. | D19: No se crea una sesión y se muestra un mensaje comprensible. | E19: Prueba negativa y captura. | F19: Luis Rodríguez Barrera | G19: Highest | H19: Pendiente | J19: =IF(I19="Cumple",2,IF(I19="Cumple parcialmente",1,IF(I19="No cumple",0,"")))
A20: Funcionalidad | B20: Cierre de sesión | C20: El usuario puede finalizar su sesión. | D20: El panel queda inaccesible después de cerrar sesión. | E20: Prueba funcional y de acceso directo. | F20: Kevin Carriel Bonoso | G20: Highest | H20: Pendiente | J20: =IF(I20="Cumple",2,IF(I20="Cumple parcialmente",1,IF(I20="No cumple",0,"")))
A21: Funcionalidad | B21: Recuperación de contraseña | C21: El usuario puede solicitar la recuperación. | D21: El sistema procesa un correo registrado y presenta confirmación. | E21: Caso de prueba y captura. | F21: Mario Luzardo Fierro | G21: High | H21: Pendiente | J21: =IF(I21="Cumple",2,IF(I21="Cumple parcialmente",1,IF(I21="No cumple",0,"")))
A22: Funcionalidad | B22: Cambio de contraseña | C22: El usuario puede establecer una nueva contraseña. | D22: La nueva clave funciona y la anterior queda invalidada. | E22: Prueba de recuperación y acceso. | F22: Luis Ramírez Conejo | G22: High | H22: Pendiente | J22: =IF(I22="Cumple",2,IF(I22="Cumple parcialmente",1,IF(I22="No cumple",0,"")))
A23: Funcionalidad | B23: Panel principal | C23: El usuario autenticado accede al panel básico. | D23: Se muestran nombre, rol y opciones autorizadas. | E23: Inspección funcional y captura. | F23: Víctor Tello Bravo | G23: High | H23: Pendiente | J23: =IF(I23="Cumple",2,IF(I23="Cumple parcialmente",1,IF(I23="No cumple",0,"")))
A24: Funcionalidad | B24: Perfil básico | C24: El usuario consulta y actualiza los datos permitidos. | D24: Los cambios válidos se almacenan correctamente. | E24: Prueba antes y después de la actualización. | F24: Luis Rodríguez Barrera | G24: High | H24: Pendiente | J24: =IF(I24="Cumple",2,IF(I24="Cumple parcialmente",1,IF(I24="No cumple",0,"")))
A25: Seguridad | B25: Contraseñas almacenadas | C25: Las contraseñas no se guardan en texto plano. | D25: La base de datos conserva únicamente el hash. | E25: Revisión de código y base de datos anonimizada. | F25: Luis Rodríguez Barrera | G25: Highest | H25: Pendiente | J25: =IF(I25="Cumple",2,IF(I25="Cumple parcialmente",1,IF(I25="No cumple",0,"")))
A26: Seguridad | B26: Política de contraseñas | C26: Se aplican reglas mínimas de seguridad. | D26: Se rechazan contraseñas que no cumplen las reglas definidas. | E26: Pruebas de valores válidos e inválidos. | F26: Luis Rodríguez Barrera | G26: High | H26: Pendiente | J26: =IF(I26="Cumple",2,IF(I26="Cumple parcialmente",1,IF(I26="No cumple",0,"")))
A27: Seguridad | B27: Sesiones | C27: Las páginas privadas requieren autenticación. | D27: Un visitante es redirigido al login. | E27: Acceso directo mediante URL. | F27: Kevin Carriel Bonoso | G27: Highest | H27: Pendiente | J27: =IF(I27="Cumple",2,IF(I27="Cumple parcialmente",1,IF(I27="No cumple",0,"")))
... A76: Gestión | B76: Alcance del MVP | C76: El desarrollo se mantiene dentro del alcance aprobado. | D76: No se anteponen funciones futuras a registro, acceso y panel principal. | E76: Comparación con el documento del MVP. | F76: Víctor Tello Bravo | G76: Highest | H76: Pendiente | J76: =IF(I76="Cumple",2,IF(I76="Cumple parcialmente",1,IF(I76="No cumple",0,"")))

Sheet Catálogos
A1: Prioridad | B1: Estado de evaluación | C1: Resultado | D1: Estado de corrección | E1: Responsables | F1: Fuentes
A2: Highest | B2: Pendiente | C2: Cumple | D2: No requerida | E2: Alex Mendoza Morante | F2: S05 Software_Project_Quality_and_Risk.pdf
A3: High | B3: En evaluación | C3: Cumple parcialmente | D3: Pendiente | E3: Víctor Tello Bravo | F3: 10 MVP.pdf
A4: Low | B4: Evaluado | C4: No cumple | D4: En proceso | E4: Kevin Carriel Bonoso
A5: Lowest | C5: No aplica | D5: Corregida | E5: Mario Luzardo Fierro
D6: Aceptada | E6: Luis Ramírez Conejo
E7: Luis Rodríguez Barrera
E8: Ing. Victoria García Velásquez

Sheet Métricas de calidad
A1: BARRIO SOLIDARIO
A2: MÉTRICAS DE CALIDAD DEL MVP
A3: Estructura adaptada de la plantilla S06 Métricas de Calidad proporcionada para el Sprint 3
A5: Las métricas permiten verificar el desempeño del proyecto y la calidad del MVP. Cada meta debe comprobarse con la fuente indicada y dentro del proceso correspondiente.
A7: Nro | B7: Qué queremos medir | D7: Objetivo de Proyecto | E7: Métrica | F7: Meta | G7: Fuente de datos | H7: Proceso
A8: 1 | B8: Cumplimiento del cronograma del Sprint | D8: Determinar si las actividades planificadas se completan dentro del periodo establecido. | E8: SPI = avance ejecutado / avance planificado | F8: ≥ 0,95 | G8: Jira y Plan de Seguimiento del Sprint | H8: Control del cronograma
A9: 2 | B9: Cumplimiento del alcance del MVP | D9: Verificar que el desarrollo priorizado corresponda con el alcance aprobado del MVP. | E9: Requisitos del MVP implementados y aceptados / requisitos planificados | F9: ≥ 95 % y ningún requisito crítico omitido | G9: Documento MVP, Product Backlog y Jira | H9: Gestión del alcance
A10: 3 | B10: Cumplimiento de requisitos funcionales | D10: Comprobar que las funciones desarrolladas respondan a los requisitos aprobados. | E10: Requisitos funcionales conformes / requisitos funcionales evaluados | F10: ≥ 95 % | G10: Especificación de Requerimientos y resultados de pruebas | H10: Control de calidad
A11: 4 | B11: Aprobación de pruebas funcionales | D11: Medir la proporción de casos de prueba ejecutados satisfactoriamente. | E11: Casos de prueba aprobados / casos de prueba ejecutados | F11: ≥ 95 % y 100 % de los casos Highest | G11: Plan de pruebas, evidencias y registro de defectos | H11: Aseguramiento de la calidad
A12: 5 | B12: Cierre de defectos y observaciones | D12: Medir la atención de defectos y observaciones generados durante las revisiones. | E12: Defectos cerrados y verificados / defectos registrados | F12: ≥ 90 % y 100 % de defectos críticos | G12: Jira, registro de incidencias y evidencias de corrección | H12: Gestión de la calidad
A13: 6 | B13: Cumplimiento de controles de seguridad | D13: Verificar autenticación, autorización, protección de contraseñas y manejo seguro de datos. | E13: Controles de seguridad conformes / controles evaluados | F13: 100 % de controles Highest y ≥ 95 % total | G13: Matriz de calidad, pruebas de seguridad y revisión de código | H13: Seguridad del software
A14: 7 | B14: Cumplimiento de accesibilidad | D14: Verificar que las pantallas priorizadas sean comprensibles y operables por distintos usuarios. | E14: Criterios de accesibilidad conformes / criterios evaluados | F14: ≥ 90 % y sin incumplimientos críticos | G14: Lista de verificación WCAG, pruebas de teclado y capturas | H14: Diseño y accesibilidad
A15: 8 | B15: Consistencia visual del producto | D15: Comprobar la aplicación de colores, tipografía, encabezados y componentes definidos. | E15: Pantallas conformes con lineamientos visuales / pantallas revisadas | F15: ≥ 95 % | G15: Wireframes, CSS, lineamientos visuales y capturas | H15: Diseño UI/UX
A16: 9 | B16: Rendimiento de páginas y servicios | D16: Verificar que las funciones principales respondan en tiempos aceptables. | E16: Tiempo promedio de carga de páginas y respuesta de servicios | F16: Páginas ≤ 3 s; servicios principales ≤ 2 s en pruebas | G16: Herramientas del navegador y registros de tiempos | H16: Control del rendimiento
A17: 10 | B17: Trazabilidad de requisitos | D17: Confirmar la relación entre requisitos, historias, pantallas, clases, código y pruebas. | E17: Requisitos con trazabilidad completa / requisitos del MVP | F17: 100 % | G17: Matriz de trazabilidad, Jira, modelos y repositorio Git | H17: Gestión de requisitos
A18: 11 | B18: Cumplimiento documental | D18: Medir el cumplimiento de estructura, versionamiento, coherencia y entregables académicos. | E18: Documentos conformes / documentos revisados | F18: ≥ 97 % | G18: Lista de revisión, Documento de Visión y repositorio documental | H18: Gestión documental
A19: 12 | B19: Mantenibilidad del código | D19: Verificar estructura, convenciones, documentación técnica y ausencia de duplicación relevante. | E19: Criterios de mantenibilidad conformes / criterios evaluados | F19: ≥ 90 % | G19: Revisión de código, README y repositorio Git | H19: Desarrollo de software
... A22: 15 | B22: Aceptación de entregables | D22: Medir la aceptación de los resultados revisados por el Product Owner y la patrocinadora académica. | E22: Entregables aceptados / entregables presentados | F22: ≥ 90 % | G22: Actas, revisiones, Jira y registros de aprobación | H22: Validación y aceptación
