Workbook

Sheet Resumen
B1: BARRIO SOLIDARIO
B2: Resumen de riesgos del MVP
A5: Indicador | B5: Resultado | D5: Categoría | E5: Cantidad | F5: Exposición promedio | H5: Identificación del documento
A6: Total de riesgos | B6: =COUNTA('Matriz de riesgos'!A13:A66) -> 54 | D6: Alcance | E6: =COUNTIF('Matriz de riesgos'!A13:A66,D6) -> 2 | F6: =IFERROR(AVERAGEIF('Matriz de riesgos'!A13:A66,D6,'Matriz de riesgos'!G13:G66),0) -> 16 | H6: Código | I6: DOC-09
A7: Críticos | B7: =COUNTIF('Matriz de riesgos'!H13:H66,"Crítico") -> 2 | D7: Aceptación | E7: =COUNTIF('Matriz de riesgos'!A13:A66,D7) -> 3 | F7: =IFERROR(AVERAGEIF('Matriz de riesgos'!A13:A66,D7,'Matriz de riesgos'!G13:G66),0) -> 13 | H7: Documento | I7: Matriz de Gestión de Riesgos del MVP
A8: Altos | B8: =COUNTIF('Matriz de riesgos'!H13:H66,"Alto") -> 38 | D8: Funcionalidad | E8: =COUNTIF('Matriz de riesgos'!A13:A66,D8) -> 6 | F8: =IFERROR(AVERAGEIF('Matriz de riesgos'!A13:A66,D8,'Matriz de riesgos'!G13:G66),0) -> 13.833333 | H8: Proyecto | I8: Barrio Solidario
A9: Medios | B9: =COUNTIF('Matriz de riesgos'!H13:H66,"Medio") -> 14 | D9: Seguridad | E9: =COUNTIF('Matriz de riesgos'!A13:A66,D9) -> 6 | F9: =IFERROR(AVERAGEIF('Matriz de riesgos'!A13:A66,D9,'Matriz de riesgos'!G13:G66),0) -> 12 | H9: Versión vigente | I9: 1.1.0
A10: Bajos | B10: =COUNTIF('Matriz de riesgos'!H13:H66,"Bajo") -> 0 | D10: Privacidad | E10: =COUNTIF('Matriz de riesgos'!A13:A66,D10) -> 2 | F10: =IFERROR(AVERAGEIF('Matriz de riesgos'!A13:A66,D10,'Matriz de riesgos'!G13:G66),0) -> 12 | H10: Estado | I10: En seguimiento
A11: En tratamiento | B11: =COUNTIF('Matriz de riesgos'!P13:P66,"En tratamiento") -> 13 | D11: Accesibilidad | E11: =COUNTIF('Matriz de riesgos'!A13:A66,D11) -> 5 | F11: =IFERROR(AVERAGEIF('Matriz de riesgos'!A13:A66,D11,'Matriz de riesgos'!G13:G66),0) -> 11.4 | H11: Fecha de creación | I11: 07/09/2026
A12: Materializados | B12: =COUNTIF('Matriz de riesgos'!P13:P66,"Materializado") -> 0 | D12: Usabilidad | E12: =COUNTIF('Matriz de riesgos'!A13:A66,D12) -> 2 | F12: =IFERROR(AVERAGEIF('Matriz de riesgos'!A13:A66,D12,'Matriz de riesgos'!G13:G66),0) -> 12.5 | H12: Fecha de actualización | I12: 01/10/2026
A13: Exposición inicial promedio | B13: =IFERROR(AVERAGE('Matriz de riesgos'!G13:G66),0) -> 11.962963 | D13: Identidad visual | E13: =COUNTIF('Matriz de riesgos'!A13:A66,D13) -> 3 | F13: =IFERROR(AVERAGEIF('Matriz de riesgos'!A13:A66,D13,'Matriz de riesgos'!G13:G66),0) -> 8 | H13: Propietario | I13: Kevin Carriel Bonoso – Arquitecto de software
A14: Estado general | B14: ='Matriz de riesgos'!U8 -> ATENCIÓN INMEDIATA | D14: Compatibilidad | E14: =COUNTIF('Matriz de riesgos'!A13:A66,D14) -> 2 | F14: =IFERROR(AVERAGEIF('Matriz de riesgos'!A13:A66,D14,'Matriz de riesgos'!G13:G66),0) -> 9 | H14: Consolidación | I14: Alex Mendoza Morante – Scrum Master
D15: Datos | E15: =COUNTIF('Matriz de riesgos'!A13:A66,D15) -> 3 | F15: =IFERROR(AVERAGEIF('Matriz de riesgos'!A13:A66,D15,'Matriz de riesgos'!G13:G66),0) -> 10.333333 | H15: Revisión funcional | I15: Víctor Tello Bravo – Product Owner
D16: Rendimiento | E16: =COUNTIF('Matriz de riesgos'!A13:A66,D16) -> 2 | F16: =IFERROR(AVERAGEIF('Matriz de riesgos'!A13:A66,D16,'Matriz de riesgos'!G13:G66),0) -> 8.5 | H16: Revisión de calidad | I16: Luis Rodríguez Barrera – Calidad, pruebas y seguridad
D17: Arquitectura | E17: =COUNTIF('Matriz de riesgos'!A13:A66,D17) -> 1 | F17: =IFERROR(AVERAGEIF('Matriz de riesgos'!A13:A66,D17,'Matriz de riesgos'!G13:G66),0) -> 12 | H17: Nivel de acceso | I17: Uso académico
A18: Control de versiones
A19: Versión | B19: Fecha | C19: Descripción | D19: Responsable | E19: Revisor | F19: Estado | H19: Nombre | I19: Rol | J19: Acción | K19: Estado
A20: 0.1.0 | B20: 07/09/2026 | C20: Estructura y escalas | D20: Kevin Carriel Bonoso | E20: Alex Mendoza Morante | F20: Completado | H20: Víctor Tello Bravo | I20: Product Owner | J20: Validación de riesgos funcionales y de aceptación | L20: Revisado
A21: 0.2.0 | B21: 08/09/2026 | C21: Riesgos de alcance y aceptación | D21: Víctor Tello Bravo | E21: Alex Mendoza Morante | F21: Completado | H21: Alex Mendoza Morante | I21: Scrum Master | J21: Verificación de estructura, responsables y consolidación | L21: Revisado
A22: 0.3.0 | B22: 09/09/2026 | C22: Riesgos funcionales | D22: Víctor Tello Bravo / Luis Ramírez Conejo | E22: Luis Rodríguez Barrera | F22: Completado | H22: Kevin Carriel Bonoso | I22: Arquitecto de software | J22: Revisión de riesgos técnicos y tratamientos | L22: Revisado
A23: 0.4.0 | B23: 10/09/2026 | C23: Riesgos técnicos | D23: Kevin Carriel Bonoso / Luis Ramírez Conejo | E23: Luis Rodríguez Barrera | F23: Completado | H23: Luis Rodríguez Barrera | I23: Calidad, pruebas y seguridad | J23: Revisión de seguridad, pruebas y criticidad | L23: Revisado
A24: 0.5.0 | B24: 11/09/2026 | C24: Seguridad y privacidad | D24: Luis Rodríguez Barrera / Kevin Carriel Bonoso | E24: Víctor Tello Bravo | F24: Completado | H24: Ing. Victoria García Velásquez | I24: Patrocinadora académica | J24: Revisión académica y aprobación | L24: Pendiente
A25: 0.6.0 | B25: 12/09/2026 | C25: Accesibilidad e identidad visual | D25: Mario Luzardo Fierro / Luis Rodríguez Barrera | E25: Víctor Tello Bravo | F25: Completado
A26: 0.7.0 | B26: 13/09/2026 | C26: Riesgos de gestión | D26: Alex Mendoza Morante | E26: Víctor Tello Bravo | F26: Completado
A27: 0.8.0 | B27: 13/09/2026 | C27: Tratamientos y contingencias | D27: Equipo del proyecto | E27: Kevin Carriel Bonoso | F27: Completado
A28: 0.9.0 | B28: 14/09/2026 | C28: Revisión integral | D28: Kevin Carriel Bonoso / Luis Rodríguez Barrera | E28: Víctor Tello Bravo | F28: Revisado
A29: 1.1.0 | B29: 01/10/2026 | C29: Seguimiento, evaluación residual y evidencias | D29: Alex Mendoza Morante / Luis Rodríguez Barrera | E29: Víctor Tello Bravo | F29: En seguimiento

Sheet Matriz de riesgos
C1: BARRIO SOLIDARIO
C2: Matriz de Gestión de Riesgos del MVP
A3: Código: DOC-09 | E3: Versión: 1.0.0 | I3: Estado: En seguimiento | M3: Actualización: 01/10/2026 | R3: Periodo: 06/09/2026–18/09/2026
A4: Propietario: Kevin Carriel Bonoso | E4: Revisión funcional: Víctor Tello Bravo | I4: Revisión de calidad: Luis Rodríguez Barrera | M4: Consolidación: Alex Mendoza Morante | R4: Uso académico · Sprint 3
A6: ESTADO GENERAL DE RIESGOS
A7: Total de riesgos | E7: Críticos | I7: Altos | M7: En tratamiento | Q7: Materializados | U7: Estado general
A8: =COUNTA(A13:A66) -> 54 | E8: =COUNTIF(H13:H66,"Crítico") -> 2 | I8: =COUNTIF(H13:H66,"Alto") -> 38 | M8: =COUNTIF(P13:P66,"En tratamiento") -> 13 | Q8: =COUNTIF(P13:P66,"Materializado") -> 0 | U8: =IF(E8>0,"ATENCIÓN INMEDIATA",IF(I8>0,"TRATAMIENTO PRIORITARIO",IF(COUNTIF(H13:H66,"Medio")>0,"SEGUIMIENTO","CONTROLADO"))) -> ATENCIÓN INMEDIATA
A9: Seguimiento actualizado al 01/10/2026: controles aplicados, exposición residual calculada y evidencias registradas.
A10: Escala: Probabilidad e impacto de 1 a 5. Exposición = Probabilidad × Impacto. 1–4 Bajo; 5–9 Medio; 10–16 Alto; 17–25 Crítico.
A12: Categoría | B12: Riesgo | C12: Causa principal | D12: Consecuencia | E12: Probabilidad inicial | F12: Impacto inicial | G12: Exposición inicial | H12: Nivel inicial | I12: Prioridad Jira | J12: Respuesta | K12: Acción preventiva | L12: Acción de contingencia | M12: Responsable | N12: Indicador o alerta | O12: Fecha de identificación | P12: Estado del riesgo | Q12: Probabilidad residual | R12: Impacto residual | S12: Exposición residual | T12: Nivel residual | U12: Evidencia del tratamiento | V12: Fecha de revisión | W12: Observaciones
A13: Alcance | B13: Crecimiento no controlado del alcance | C13: Se incorporan funciones previstas para una versión posterior. | D13: Retraso del MVP y dispersión del esfuerzo. | E13: 4 | F13: 5 | G13: =IF(OR(E13="",F13=""),"",E13*F13) -> 20 | H13: =IF(G13="","",IF(G13>=17,"Crítico",IF(G13>=10,"Alto",IF(G13>=5,"Medio","Bajo")))) -> Crítico | I13: =IF(H13="","",IF(H13="Crítico","Highest",IF(H13="Alto","High",IF(H13="Medio","Low","Lowest")))) -> Highest | J13: Evitar | K13: Aplicar la lista aprobada del MVP y control de cambios. | L13: Retirar o posponer funciones no esenciales. | M13: Víctor Tello Bravo | N13: Solicitud de funciones fuera del MVP | O13: 46272 | P13: Controlado | Q13: 2 | R13: 4 | S13: =IF(OR(Q13="",R13=""),"",Q13*R13) -> 8 | T13: =IF(S13="","",IF(S13>=17,"Crítico",IF(S13>=10,"Alto",IF(S13>=5,"Medio","Bajo")))) -> Medio | U13: Backlog del MVP, criterios de exclusión y registro de cambios revisados. | V13: 46291 | W13: El alcance se mantuvo en el MVP aprobado y cualquier ampliación quedó sujeta al control de cambios.
A14: Alcance | B14: Límites ambiguos del MVP | C14: Los entregables no se interpretan igual por todo el equipo. | D14: Trabajo duplicado o incompleto. | E14: 3 | F14: 4 | G14: =IF(OR(E14="",F14=""),"",E14*F14) -> 12 | H14: =IF(G14="","",IF(G14>=17,"Crítico",IF(G14>=10,"Alto",IF(G14>=5,"Medio","Bajo")))) -> Alto | I14: =IF(H14="","",IF(H14="Crítico","Highest",IF(H14="Alto","High",IF(H14="Medio","Low","Lowest")))) -> High | J14: Mitigar | K14: Validar alcance, exclusiones y criterios con el Product Owner. | L14: Realizar sesión breve de alineación y repriorizar. | M14: Alex Mendoza Morante | N14: Dudas repetidas sobre qué desarrollar | O14: 46272 | P14: Controlado | Q14: 1 | R14: 4 | S14: =IF(OR(Q14="",R14=""),"",Q14*R14) -> 4 | T14: =IF(S14="","",IF(S14>=17,"Crítico",IF(S14>=10,"Alto",IF(S14>=5,"Medio","Bajo")))) -> Bajo | U14: Backlog del MVP, criterios de exclusión y registro de cambios revisados. | V14: 46292 | W14: El control preventivo fue aplicado y no se observó materialización; se mantiene monitoreo hasta la entrega.
A15: Aceptación | B15: Rechazo académico del entregable | C15: El resultado no coincide con la rúbrica o formato solicitado. | D15: Pérdida de calificación y retrabajo. | E15: 3 | F15: 5 | G15: =IF(OR(E15="",F15=""),"",E15*F15) -> 15 | H15: =IF(G15="","",IF(G15>=17,"Crítico",IF(G15>=10,"Alto",IF(G15>=5,"Medio","Bajo")))) -> Alto | I15: =IF(H15="","",IF(H15="Crítico","Highest",IF(H15="Alto","High",IF(H15="Medio","Low","Lowest")))) -> High | J15: Mitigar | K15: Usar una lista de verificación basada en los entregables del Sprint 3. | L15: Corregir hallazgos prioritarios antes de la entrega. | M15: Víctor Tello Bravo | N15: Criterios sin evidencia o sección faltante | O15: 46272 | P15: Controlado | Q15: 1 | R15: 4 | S15: =IF(OR(Q15="",R15=""),"",Q15*R15) -> 4 | T15: =IF(S15="","",IF(S15>=17,"Crítico",IF(S15>=10,"Alto",IF(S15>=5,"Medio","Bajo")))) -> Bajo | U15: Lista de verificación, criterios de aceptación y evidencia de revisión funcional. | V15: 46293 | W15: El control preventivo fue aplicado y no se observó materialización; se mantiene monitoreo hasta la entrega.
A16: Aceptación | B16: Criterios de aceptación incompletos | C16: Las historias no definen resultados verificables. | D16: No es posible confirmar si una función está terminada. | E16: 3 | F16: 4 | G16: =IF(OR(E16="",F16=""),"",E16*F16) -> 12 | H16: =IF(G16="","",IF(G16>=17,"Crítico",IF(G16>=10,"Alto",IF(G16>=5,"Medio","Bajo")))) -> Alto | I16: =IF(H16="","",IF(H16="Crítico","Highest",IF(H16="Alto","High",IF(H16="Medio","Low","Lowest")))) -> High | J16: Mitigar | K16: Completar criterios antes del desarrollo y prueba. | L16: Acordar criterios mínimos y registrar la decisión. | M16: Víctor Tello Bravo | N16: Historias listas para iniciar sin criterios | O16: 46272 | P16: Controlado | Q16: 1 | R16: 4 | S16: =IF(OR(Q16="",R16=""),"",Q16*R16) -> 4 | T16: =IF(S16="","",IF(S16>=17,"Crítico",IF(S16>=10,"Alto",IF(S16>=5,"Medio","Bajo")))) -> Bajo | U16: Lista de verificación, criterios de aceptación y evidencia de revisión funcional. | V16: 46294 | W16: El control preventivo fue aplicado y no se observó materialización; se mantiene monitoreo hasta la entrega.
A17: Aceptación | B17: Demostración poco clara | C17: No existe un guion que conecte problema, MVP y funciones. | D17: El avance funcional no se evidencia adecuadamente. | E17: 3 | F17: 4 | G17: =IF(OR(E17="",F17=""),"",E17*F17) -> 12 | H17: =IF(G17="","",IF(G17>=17,"Crítico",IF(G17>=10,"Alto",IF(G17>=5,"Medio","Bajo")))) -> Alto | I17: =IF(H17="","",IF(H17="Crítico","Highest",IF(H17="Alto","High",IF(H17="Medio","Low","Lowest")))) -> High | J17: Mitigar | K17: Preparar recorrido y datos de demostración. | L17: Usar capturas y evidencia alternativa. | M17: Alex Mendoza Morante | N17: Demo sin orden o responsables | O17: 46272 | P17: Controlado | Q17: 1 | R17: 4 | S17: =IF(OR(Q17="",R17=""),"",Q17*R17) -> 4 | T17: =IF(S17="","",IF(S17>=17,"Crítico",IF(S17>=10,"Alto",IF(S17>=5,"Medio","Bajo")))) -> Bajo | U17: Lista de verificación, criterios de aceptación y evidencia de revisión funcional. | V17: 46295 | W17: El control preventivo fue aplicado y no se observó materialización; se mantiene monitoreo hasta la entrega.
A18: Funcionalidad | B18: Falla en el registro de usuarios | C18: Errores en formularios, validaciones o persistencia. | D18: No se pueden crear cuentas. | E18: 3 | F18: 5 | G18: =IF(OR(E18="",F18=""),"",E18*F18) -> 15 | H18: =IF(G18="","",IF(G18>=17,"Crítico",IF(G18>=10,"Alto",IF(G18>=5,"Medio","Bajo")))) -> Alto | I18: =IF(H18="","",IF(H18="Crítico","Highest",IF(H18="Alto","High",IF(H18="Medio","Low","Lowest")))) -> High | J18: Mitigar | K18: Probar casos válidos, inválidos y duplicados. | L18: Corregir el flujo y habilitar datos de prueba controlados. | M18: Luis Ramírez Conejo | N18: Registro devuelve error o no guarda | O18: 46272 | P18: Controlado | Q18: 1 | R18: 4 | S18: =IF(OR(Q18="",R18=""),"",Q18*R18) -> 4 | T18: =IF(S18="","",IF(S18>=17,"Crítico",IF(S18>=10,"Alto",IF(S18>=5,"Medio","Bajo")))) -> Bajo | U18: Casos de prueba del flujo, capturas del resultado y evidencia registrada en Jira. | V18: 46296 | W18: El control preventivo fue aplicado y no se observó materialización; se mantiene monitoreo hasta la entrega.
A19: Funcionalidad | B19: Falla en el inicio de sesión | C19: Autenticación o sesión implementada incorrectamente. | D19: Los usuarios no acceden al panel. | E19: 4 | F19: 5 | G19: =IF(OR(E19="",F19=""),"",E19*F19) -> 20 | H19: =IF(G19="","",IF(G19>=17,"Crítico",IF(G19>=10,"Alto",IF(G19>=5,"Medio","Bajo")))) -> Crítico | I19: =IF(H19="","",IF(H19="Crítico","Highest",IF(H19="Alto","High",IF(H19="Medio","Low","Lowest")))) -> Highest | J19: Mitigar | K19: Pruebas unitarias y funcionales de autenticación. | L19: Revertir el último cambio y reparar el servicio. | M19: Luis Ramírez Conejo | N19: Credenciales válidas son rechazadas | O19: 46272 | P19: Controlado | Q19: 2 | R19: 4 | S19: =IF(OR(Q19="",R19=""),"",Q19*R19) -> 8 | T19: =IF(S19="","",IF(S19>=17,"Crítico",IF(S19>=10,"Alto",IF(S19>=5,"Medio","Bajo")))) -> Medio | U19: Casos de prueba del flujo, capturas del resultado y evidencia registrada en Jira. | V19: 46291 | W19: Las credenciales válidas permiten acceso y los errores se presentan de forma controlada.
A20: Funcionalidad | B20: Cierre de sesión incompleto | C20: La sesión permanece activa o permite volver a páginas privadas. | D20: Acceso no autorizado desde un equipo compartido. | E20: 3 | F20: 5 | G20: =IF(OR(E20="",F20=""),"",E20*F20) -> 15 | H20: =IF(G20="","",IF(G20>=17,"Crítico",IF(G20>=10,"Alto",IF(G20>=5,"Medio","Bajo")))) -> Alto | I20: =IF(H20="","",IF(H20="Crítico","Highest",IF(H20="Alto","High",IF(H20="Medio","Low","Lowest")))) -> High | J20: Mitigar | K20: Invalidar sesión y probar acceso directo posterior. | L20: Forzar expiración y corregir manejo de sesión. | M20: Kevin Carriel Bonoso | N20: Panel accesible después de cerrar sesión | O20: 46272 | P20: Controlado | Q20: 1 | R20: 4 | S20: =IF(OR(Q20="",R20=""),"",Q20*R20) -> 4 | T20: =IF(S20="","",IF(S20>=17,"Crítico",IF(S20>=10,"Alto",IF(S20>=5,"Medio","Bajo")))) -> Bajo | U20: Casos de prueba del flujo, capturas del resultado y evidencia registrada en Jira. | V20: 46292 | W20: El control preventivo fue aplicado y no se observó materialización; se mantiene monitoreo hasta la entrega.
A21: Funcionalidad | B21: Recuperación de contraseña incompleta | C21: El enlace, token o flujo simplificado no está integrado. | D21: El usuario no recupera el acceso. | E21: 3 | F21: 3 | G21: =IF(OR(E21="",F21=""),"",E21*F21) -> 9 | H21: =IF(G21="","",IF(G21>=17,"Crítico",IF(G21>=10,"Alto",IF(G21>=5,"Medio","Bajo")))) -> Medio | I21: =IF(H21="","",IF(H21="Crítico","Highest",IF(H21="Alto","High",IF(H21="Medio","Low","Lowest")))) -> Low | J21: Mitigar | K21: Definir alcance demostrable y probar el recorrido completo. | L21: Presentar confirmación controlada y registrar limitación. | M21: Mario Luzardo Fierro | N21: Solicitud sin confirmación o cambio efectivo | O21: 46272 | P21: En tratamiento | Q21: 3 | R21: 3 | S21: =IF(OR(Q21="",R21=""),"",Q21*R21) -> 9 | T21: =IF(S21="","",IF(S21>=17,"Crítico",IF(S21>=10,"Alto",IF(S21>=5,"Medio","Bajo")))) -> Medio | U21: Casos de prueba del flujo, capturas del resultado y evidencia registrada en Jira. | V21: 46293 | W21: El flujo está integrado parcialmente; falta validar token, caducidad y notificación de extremo a extremo.
A22: Funcionalidad | B22: Panel incorrecto según el rol | C22: La autorización o navegación no reconoce el perfil. | D22: Se muestran acciones indebidas o faltantes. | E22: 3 | F22: 4 | G22: =IF(OR(E22="",F22=""),"",E22*F22) -> 12 | H22: =IF(G22="","",IF(G22>=17,"Crítico",IF(G22>=10,"Alto",IF(G22>=5,"Medio","Bajo")))) -> Alto | I22: =IF(H22="","",IF(H22="Crítico","Highest",IF(H22="Alto","High",IF(H22="Medio","Low","Lowest")))) -> High | J22: Mitigar | K22: Probar el panel con cada rol del MVP. | L22: Deshabilitar temporalmente opciones incorrectas. | M22: Kevin Carriel Bonoso | N22: Menú no coincide con el rol | O22: 46272 | P22: En tratamiento | Q22: 2 | R22: 4 | S22: =IF(OR(Q22="",R22=""),"",Q22*R22) -> 8 | T22: =IF(S22="","",IF(S22>=17,"Crítico",IF(S22>=10,"Alto",IF(S22>=5,"Medio","Bajo")))) -> Medio | U22: Casos de prueba del flujo, capturas del resultado y evidencia registrada en Jira. | V22: 46294 | W22: Se mantiene seguimiento hasta completar la prueba de permisos para todos los roles del MVP.
A23: Funcionalidad | B23: Actualización incorrecta del perfil | C23: Validaciones o persistencia fallan. | D23: Datos incompletos o inconsistentes. | E23: 3 | F23: 4 | G23: =IF(OR(E23="",F23=""),"",E23*F23) -> 12 | H23: =IF(G23="","",IF(G23>=17,"Crítico",IF(G23>=10,"Alto",IF(G23>=5,"Medio","Bajo")))) -> Alto | I23: =IF(H23="","",IF(H23="Crítico","Highest",IF(H23="Alto","High",IF(H23="Medio","Low","Lowest")))) -> High | J23: Mitigar | K23: Restringir campos editables y verificar antes/después. | L23: Restaurar datos previos y corregir el servicio. | M23: Luis Ramírez Conejo | N23: Cambios no guardados o datos alterados | O23: 46272 | P23: Controlado | Q23: 1 | R23: 4 | S23: =IF(OR(Q23="",R23=""),"",Q23*R23) -> 4 | T23: =IF(S23="","",IF(S23>=17,"Crítico",IF(S23>=10,"Alto",IF(S23>=5,"Medio","Bajo")))) -> Bajo | U23: Casos de prueba del flujo, capturas del resultado y evidencia registrada en Jira. | V23: 46295 | W23: El control preventivo fue aplicado y no se observó materialización; se mantiene monitoreo hasta la entrega.
A24: Seguridad | B24: Contraseñas almacenadas en texto plano | C24: Implementación apresurada de persistencia. | D24: Exposición grave de credenciales. | E24: 2 | F24: 5 | G24: =IF(OR(E24="",F24=""),"",E24*F24) -> 10 | H24: =IF(G24="","",IF(G24>=17,"Crítico",IF(G24>=10,"Alto",IF(G24>=5,"Medio","Bajo")))) -> Alto | I24: =IF(H24="","",IF(H24="Crítico","Highest",IF(H24="Alto","High",IF(H24="Medio","Low","Lowest")))) -> High | J24: Evitar | K24: Aplicar hash seguro y revisión obligatoria. | L24: Invalidar credenciales y migrar hashes. | M24: Luis Rodríguez Barrera | N24: Contraseñas legibles en datos o logs | O24: 46272 | P24: Cerrado | Q24: 1 | R24: 2 | S24: =IF(OR(Q24="",R24=""),"",Q24*R24) -> 2 | T24: =IF(S24="","",IF(S24>=17,"Crítico",IF(S24>=10,"Alto",IF(S24>=5,"Medio","Bajo")))) -> Bajo | U24: Pruebas negativas, revisión de rutas y configuración segura del repositorio. | V24: 46296 | W24: No se detectó el indicador de alerta después de aplicar el control; el riesgo se cierra con evidencia disponible.
... A66: Demostración | B66: Ausencia de datos de prueba | C66: No existen cuentas o escenarios preparados. | D66: La demo se interrumpe o no cubre los flujos. | E66: 3 | F66: 3 | G66: =IF(OR(E66="",F66=""),"",E66*F66) -> 9 | H66: =IF(G66="","",IF(G66>=17,"Crítico",IF(G66>=10,"Alto",IF(G66>=5,"Medio","Bajo")))) -> Medio | I66: =IF(H66="","",IF(H66="Crítico","Highest",IF(H66="Alto","High",IF(H66="Medio","Low","Lowest")))) -> Low | J66: Mitigar | K66: Crear datos ficticios controlados y documentar credenciales de demo. | L66: Registrar datos manualmente antes de presentar. | M66: Luis Rodríguez Barrera | N66: No hay usuario válido para el recorrido | O66: 46272 | P66: Cerrado | Q66: 1 | R66: 2 | S66: =IF(OR(Q66="",R66=""),"",Q66*R66) -> 2 | T66: =IF(S66="","",IF(S66>=17,"Crítico",IF(S66>=10,"Alto",IF(S66>=5,"Medio","Bajo")))) -> Bajo | U66: Guion, datos de prueba y ensayo del ambiente de demostración. | V66: 46296 | W66: No se detectó el indicador de alerta después de aplicar el control; el riesgo se cierra con evidencia disponible.

Sheet Catálogos
A1: Respuesta | B1: Estado | C1: Responsable | D1: Probabilidad / Impacto | E1: Prioridad Jira
A2: Evitar | B2: Identificado | C2: Alex Mendoza Morante | D2: 1 | E2: Highest
A3: Mitigar | B3: En tratamiento | C3: Víctor Tello Bravo | D3: 2 | E3: High
A4: Transferir | B4: Controlado | C4: Kevin Carriel Bonoso | D4: 3 | E4: Low
A5: Aceptar | B5: Materializado | C5: Mario Luzardo Fierro | D5: 4 | E5: Lowest
B6: Cerrado | C6: Luis Ramírez Conejo | D6: 5
C7: Luis Rodríguez Barrera
C8: Ing. Victoria García Velásquez
