Workbook

Sheet Guía de uso
B2: Guía de uso · Gestión de cambios
B5: Cuándo registrar un cambio
B6: Registre una solicitud cuando se modifique el alcance acordado, un requisito o criterio de aceptación, una fecha comprometida, un componente técnico, un control de seguridad, una evidencia o un entregable. Las correcciones menores que no cambian la línea base pueden gestionarse como tareas o defectos en Jira.
B10: Reglas simples del proceso
B11: 1 | C11: La solicitud debe explicar qué cambia, por qué y qué elemento queda afectado.
B12: 2 | C12: El analista estima alcance, cronograma, costo, calidad/seguridad, riesgo y esfuerzo.
B13: 3 | C13: Product Owner y Scrum Master aprueban, condicionan, rechazan o devuelven para ajuste.
B14: 4 | C14: El tiempo objetivo de respuesta es 72 horas; una urgencia justificada puede revisarse antes.
B15: 5 | C15: Un cambio aprobado actualiza backlog, documentos, código y pruebas según corresponda.
B16: 6 | C16: Un cambio solo se cierra con evidencia y resultado de validación; rechazados y cancelados conservan trazabilidad.
B18: Cómo explicar los costos
B19: Horas internas | C19: Horas estimadas por rol × tarifa referencial. Si no se usa tarifa, registre solo horas y nivel de impacto.
B20: Servicios y licencias | C20: Hosting, correo, dominio, API, herramienta, suscripción o licencia adicional.
B21: Infraestructura / materiales | C21: Equipos, almacenamiento, conectividad, impresión u otros recursos necesarios.
B22: Retrabajo | C22: Horas para rehacer código, documentos, pruebas, BPMN o evidencias ya completadas.
B23: Contingencia | C23: Reserva razonable para incertidumbre; por ejemplo, 10 % del costo estimado cuando aplique.
B24: Costo total | C24: Horas × tarifa + servicios/licencias + infraestructura + retrabajo + contingencia.
B26: Criterio práctico de impacto de costo
B27: Nivel | C27: Criterio sugerido | E27: Ejemplo
B28: Sin impacto | C28: Se absorbe dentro de la tarea prevista | E28: Corrección menor sin horas adicionales relevantes
B29: Bajo | C29: Pocas horas; sin compras ni cambio de fecha | E29: Ajustar texto, estilo o validación sencilla
B30: Medio | C30: Retrabajo visible o servicio menor | E30: Modificar flujo, pruebas y documentación relacionada
B31: Alto | C31: Compra, muchas horas o impacto en entrega | E31: Nueva integración, migración o cambio sustancial de alcance

Sheet Resumen
B2: BARRIO SOLIDARIO · Gestión de cambios
B4: Formato intermedio: control suficiente para auditoría, sin duplicar el detalle técnico de Jira ni del repositorio.
B6: Indicador | C6: Resultado | D6: Uso | G6: Etapa | H6: Responsable | I6: Registro mínimo | J6: Plazo orientativo
B7: Total de solicitudes | C7: =COUNTA('Registro de cambios'!$A$15:$A$214) -> 0 | D7: Volumen registrado | G7: 1. Registrar | H7: Solicitante | I7: Necesidad, justificación y referencia afectada | J7: Al identificar el cambio
B8: En análisis | C8: =COUNTIF('Registro de cambios'!$U$15:$U$214,"En análisis") -> 0 | D8: Requiere análisis | G8: 2. Analizar | H8: Analista / equipo | I8: Impactos, riesgo, esfuerzo y costo | J8: Antes de decidir
B9: Pendientes de aprobación | C9: =COUNTIF('Registro de cambios'!$U$15:$U$214,"Pendiente de aprobación") -> 0 | D9: Requiere decisión | G9: 3. Decidir | H9: Product Owner / Scrum Master | I9: Decisión, condiciones y fecha objetivo | J9: Hasta 72 horas
B10: Aprobadas | C10: =COUNTIF('Registro de cambios'!$T$15:$T$214,"Aprobar*") -> 0 | D10: Cambio autorizado | G10: 4. Implementar | H10: Responsable asignado | I10: Resultado y evidencia | J10: Según fecha objetivo
B11: En implementación | C11: =COUNTIF('Registro de cambios'!$U$15:$U$214,"En implementación") -> 0 | D11: Trabajo en curso | G11: 5. Validar | H11: QA / Product Owner | I11: Resultado de pruebas o revisión | J11: Antes del cierre
B12: En validación | C12: =COUNTIF('Registro de cambios'!$U$15:$U$214,"En validación") -> 0 | D12: Requiere conformidad | G12: 6. Cerrar | H12: Scrum Master | I12: Versión, fecha y observaciones | J12: Después de validar
B13: Cerradas | C13: =COUNTIF('Registro de cambios'!$U$15:$U$214,"Cerrado") -> 0 | D13: Trazabilidad completa
B14: Vencidas abiertas | C14: =COUNTIFS('Registro de cambios'!$W$15:$W$214,">0",'Registro de cambios'!$W$15:$W$214,"<"&TODAY(),'Registro de cambios'!$U$15:$U$214,"<>Cerrado",'Registro de cambios'!$U$15:$U$214,"<>Rechazado",'Registro de cambios'!$U$15:$U$214,"<>Cancelado") -> 0 | D14: Requiere seguimiento
B17: Identificación y control de versión
B18: Documento | C18: Formato de Gestión de Cambios
B19: Proyecto | C19: Barrio Solidario
B20: Versión vigente | C20: 1.2.0
B21: Estado | C21: En revisión
B22: Fecha de actualización | C22: 46289
B23: Propietario | C23: Víctor Tello Bravo / Product Owner
B24: Consolidación | C24: Alex Mendoza Morante / Scrum Master
B26: Versión | C26: Fecha | D26: Descripción | F26: Responsable | H26: Estado
B27: 0.9.0 | C27: 46279 | D27: Revisión integral del formato | F27: Alex Mendoza | H27: Revisado
B28: 1.0.0 | C28: 46279 | D28: Versión consolidada del Sprint 3 | F28: Alex Mendoza / Kevin Carriel | H28: Completado
B29: 1.1.0 | C29: 46280 | D29: Ampliación de datos, QA y constancias | F29: Alex Mendoza | H29: Revisado
B30: 1.2.0 | C30: 46289 | D30: Simplificación: 29 campos esenciales, formulario breve y guía de uso | F30: Alex Mendoza | H30: En revisión

Sheet Registro de cambios
A2: Registro y seguimiento de solicitudes de cambio
A4: Un renglón por solicitud. El detalle técnico permanece en Jira, Git o la evidencia enlazada.
A6: CONTROL GENERAL
A8: Total | B8: En análisis | C8: Pend. aprobación | D8: Aprobados | E8: En implementación | F8: En validación | G8: Cerrados | H8: Rechazados | I8: Vencidos | J8: Riesgo crítico | K8: Costo alto | L8: Estado
A9: =COUNTA($A$15:$A$214) -> 0 | B9: =COUNTIF($U$15:$U$214,"En análisis") -> 0 | C9: =COUNTIF($U$15:$U$214,"Pendiente de aprobación") -> 0 | D9: =COUNTIF($T$15:$T$214,"Aprobar*") -> 0 | E9: =COUNTIF($U$15:$U$214,"En implementación") -> 0 | F9: =COUNTIF($U$15:$U$214,"En validación") -> 0 | G9: =COUNTIF($U$15:$U$214,"Cerrado") -> 0 | H9: =COUNTIF($T$15:$T$214,"Rechazar") -> 0 | I9: =COUNTIFS($W$15:$W$214,">0",$W$15:$W$214,"<"&TODAY(),$U$15:$U$214,"<>Cerrado",$U$15:$U$214,"<>Rechazado",$U$15:$U$214,"<>Cancelado") -> 0 | J9: =COUNTIF($P$15:$P$214,"Crítico") -> 0 | K9: =COUNTIF($K$15:$K$214,"Alto") -> 0 | L9: =IF(I9>0,"REQUIERE ATENCIÓN","AL DÍA") -> AL DÍA
A11: Impacto de costo: marque Sin impacto/Bajo/Medio/Alto y explique la estimación en Observaciones (horas × tarifa referencial + licencias/servicios + contingencia). No es necesario registrar valores personales si el curso no los exige.
A14: Código | B14: Fecha solicitud | C14: Solicitante | D14: Tipo | E14: Título | F14: Descripción y justificación | G14: Elemento / referencia afectada | H14: Prioridad | I14: Impacto alcance | J14: Impacto cronograma | K14: Impacto costo | L14: Impacto calidad y seguridad | M14: Probabilidad | N14: Impacto general | O14: Exposición | P14: Nivel | Q14: Esfuerzo estimado (h) | R14: Analista | S14: Aprobador | T14: Decisión | U14: Estado | V14: Responsable implementación | W14: Fecha objetivo | X14: Fecha implementación | Y14: Resultado validación | Z14: Evidencia / enlace | AA14: Versión resultante | AB14: Fecha cierre | AC14: Observaciones
O15: =IF(OR(M15="",N15=""),"",M15*N15) | P15: =IF(O15="","",IF(O15<=4,"Bajo",IF(O15<=9,"Medio",IF(O15<=16,"Alto","Crítico"))))
O16: =IF(OR(M16="",N16=""),"",M16*N16) | P16: =IF(O16="","",IF(O16<=4,"Bajo",IF(O16<=9,"Medio",IF(O16<=16,"Alto","Crítico"))))
O17: =IF(OR(M17="",N17=""),"",M17*N17) | P17: =IF(O17="","",IF(O17<=4,"Bajo",IF(O17<=9,"Medio",IF(O17<=16,"Alto","Crítico"))))
O18: =IF(OR(M18="",N18=""),"",M18*N18) | P18: =IF(O18="","",IF(O18<=4,"Bajo",IF(O18<=9,"Medio",IF(O18<=16,"Alto","Crítico"))))
O19: =IF(OR(M19="",N19=""),"",M19*N19) | P19: =IF(O19="","",IF(O19<=4,"Bajo",IF(O19<=9,"Medio",IF(O19<=16,"Alto","Crítico"))))
O20: =IF(OR(M20="",N20=""),"",M20*N20) | P20: =IF(O20="","",IF(O20<=4,"Bajo",IF(O20<=9,"Medio",IF(O20<=16,"Alto","Crítico"))))
O21: =IF(OR(M21="",N21=""),"",M21*N21) | P21: =IF(O21="","",IF(O21<=4,"Bajo",IF(O21<=9,"Medio",IF(O21<=16,"Alto","Crítico"))))
O22: =IF(OR(M22="",N22=""),"",M22*N22) | P22: =IF(O22="","",IF(O22<=4,"Bajo",IF(O22<=9,"Medio",IF(O22<=16,"Alto","Crítico"))))
O23: =IF(OR(M23="",N23=""),"",M23*N23) | P23: =IF(O23="","",IF(O23<=4,"Bajo",IF(O23<=9,"Medio",IF(O23<=16,"Alto","Crítico"))))
O24: =IF(OR(M24="",N24=""),"",M24*N24) | P24: =IF(O24="","",IF(O24<=4,"Bajo",IF(O24<=9,"Medio",IF(O24<=16,"Alto","Crítico"))))
O25: =IF(OR(M25="",N25=""),"",M25*N25) | P25: =IF(O25="","",IF(O25<=4,"Bajo",IF(O25<=9,"Medio",IF(O25<=16,"Alto","Crítico"))))
O26: =IF(OR(M26="",N26=""),"",M26*N26) | P26: =IF(O26="","",IF(O26<=4,"Bajo",IF(O26<=9,"Medio",IF(O26<=16,"Alto","Crítico"))))
... O214: =IF(OR(M214="",N214=""),"",M214*N214) | P214: =IF(O214="","",IF(O214<=4,"Bajo",IF(O214<=9,"Medio",IF(O214<=16,"Alto","Crítico"))))

Sheet Solicitud de cambio
B2: Solicitud y evaluación breve de cambio
B4: Complete esta hoja para cambios relevantes. Después de la decisión, transcriba el resumen al Registro de cambios y enlace la evidencia.
B6: 1. Identificación
B7: Código | F7: Fecha solicitud
B8: Solicitante | F8: Tipo
B9: Título
B10: Descripción y justificación
B14: 2. Impacto, riesgo y costo
B15: Elemento / referencia afectada
B16: Criterio de aceptación
B17: Impacto en alcance
B18: Impacto en cronograma
B19: Impacto en costo
B20: Impacto en calidad y seguridad
B22: Probabilidad (1–5) | F22: Impacto general (1–5) | I22: Exposición | J22: =IF(OR(C22="",G22=""),"",C22*G22)
B23: Riesgos / dependencias / contingencia
B28: 3. Decisión y planificación
B29: Analista | F29: Esfuerzo estimado (h)
B30: Aprobador | F30: Fecha decisión
B31: Decisión | F31: Fecha objetivo
B32: Responsable implementación | F32: Versión objetivo
B33: Condiciones / motivo / plan
B37: 4. Implementación y cierre
B38: Resultado implementado
B39: Evidencia / enlace
B40: Resultado validación
B41: Versión resultante
B42: Fecha cierre
B43: Observaciones y lecciones

Sheet Catálogos
A1: Tipo | B1: Prioridad | C1: Nivel de impacto | D1: Decisión | E1: Estado | F1: Validación | G1: Nivel de riesgo | H1: Responsables
A2: Software | B2: Highest | C2: Sin impacto | D2: Aprobar | E2: Registrado | F2: Pendiente | G2: Bajo | H2: Alex Mendoza Morante
A3: Documentación | B3: High | C3: Bajo | D3: Aprobar con condiciones | E3: En análisis | F3: Conforme | G3: Medio | H3: Víctor Tello Bravo
A4: Configuración | B4: Low | C4: Medio | D4: Rechazar | E4: Pendiente de aprobación | F4: Con observaciones | G4: Alto | H4: Kevin Carriel Bonoso
A5: Base de datos | B5: Lowest | C5: Alto | D5: Devolver para ajuste | E5: Aprobado | F5: No conforme | G5: Crítico | H5: Mario Luzardo Fierro
A6: Interfaz / UX | E6: Planificado | F6: No aplica | H6: Luis Ramírez Conejo
A7: Seguridad | E7: En implementación | H7: Luis Rodríguez Barrera
A8: Infraestructura | E8: En validación | H8: Ing. Victoria García Velásquez
A9: Proceso | E9: Cerrado
E10: Rechazado
E11: Cancelado
E12: Suspendido
